<?xml version='1.0' encoding='UTF-8'?>
<system creation-date="2018-05-22 15:06:13" desc="14000-501426" enable="False" id="67f7dfd2-77c6-4527-b6c2-f6ce9b785345" last-modified-date="" name="14000-501426"><applications><application name="RobotWare" version="6.06.1025"><settings><setting-file path="/hd0a/14000-501426/INTERNAL/controller.rsf" /><system-xml path="/hd0a/14000-501426/system.xml" /><key-id path="/hd0a/14000-501426/INTERNAL/key.id" /></settings></application><application name="SmartGripper" version="3.53.0000.05"><settings><setting-file path="/hd0a/14000-501426/INTERNAL/controller.rsf" /><system-xml path="/hd0a/14000-501426/system.xml" /><key-id path="/hd0a/14000-501426/INTERNAL/key.id" /></settings></application></applications></system>